{"bertscore": {"f1": 0.8594325859137256, "precision": 0.8588620641014793, "recall": 0.860111425621341}, "bleu": {"bleu": 0.0, "precisions": [0.27851530750474124, 0.039810690423162584, 0.0008588605782994561, 0.0], "brevity_penalty": 1.0, "length_ratio": 1.3060863411181882, "translation_length": 3691, "reference_length": 2826}, "meteor": {"meteor": 0.2275637398827848}, "rouge": {"rouge1": 0.32283013963764773, "rouge2": 0.0500241940393825, "rougeL": 0.1772997099590442, "rougeLsum": 0.17743300073683213}, "google_bleu": {"google_bleu": 0.08046607265250172}}