{
    "bertscore": {
        "f1": 0.8545367042590237,
        "precision": 0.8488585166765326,
        "recall": 0.8604947316299693
    },
    "bleu": {
        "bleu": 0.039519095721597314,
        "precisions": [
            0.20248973224235092,
            0.04939015453760849,
            0.02195,
            0.011110921472581112
        ],
        "brevity_penalty": 1.0,
        "length_ratio": 1.796904945793644,
        "translation_length": 62818,
        "reference_length": 34959
    },
    "meteor": {
        "meteor": 0.2425747437652548
    },
    "rouge": {
        "rouge1": 0.23874992451881438,
        "rouge2": 0.06599688700150269,
        "rougeL": 0.1887698894734372,
        "rougeLsum": 0.18885567256070812
    },
    "google_bleu": {
        "google_bleu": 0.07158206833035764
    },
    "gpt_score (%)": 49.872241579558654
}