{
    "bertscore": {
        "f1": 0.8588567829662925,
        "precision": 0.8546745035101345,
        "recall": 0.8632768607208828
    },
    "bleu": {
        "bleu": 0.04429888907473574,
        "precisions": [
            0.22206122495917568,
            0.0556942939264006,
            0.024557506097119264,
            0.012679544328875681
        ],
        "brevity_penalty": 1.0,
        "length_ratio": 1.6362096865239153,
        "translation_length": 43479,
        "reference_length": 26573
    },
    "meteor": {
        "meteor": 0.24826470211108037
    },
    "rouge": {
        "rouge1": 0.25405826579306634,
        "rouge2": 0.07314914856385299,
        "rougeL": 0.20085070673645336,
        "rougeLsum": 0.2004972163951354
    },
    "google_bleu": {
        "google_bleu": 0.07850727241119546
    },
    "gpt_score (%)": 50.76666666666667
}