{
    "bertscore": {
        "f1": 0.8586585323015848,
        "precision": 0.8583244681358337,
        "recall": 0.8590292731920878
    },
    "bleu": {
        "bleu": 0.0,
        "precisions": [
            0.20689655172413793,
            0.02654867256637168,
            0.0,
            0.0
        ],
        "brevity_penalty": 1.0,
        "length_ratio": 1.4146341463414633,
        "translation_length": 116,
        "reference_length": 82
    },
    "meteor": {
        "meteor": 0.20566517114535574
    },
    "rouge": {
        "rouge1": 0.2693140193140193,
        "rouge2": 0.0357392432864131,
        "rougeL": 0.16976356976356977,
        "rougeLsum": 0.16976356976356977
    },
    "google_bleu": {
        "google_bleu": 0.06
    }
}