{
    "bertscore": {
        "f1": 0.8580690423647562,
        "precision": 0.8619033495585123,
        "recall": 0.8542991876602173
    },
    "bleu": {
        "bleu": 0.0,
        "precisions": [
            0.2736842105263158,
            0.043478260869565216,
            0.0,
            0.0
        ],
        "brevity_penalty": 1.0,
        "length_ratio": 1.1585365853658536,
        "translation_length": 95,
        "reference_length": 82
    },
    "meteor": {
        "meteor": 0.21098071690891715
    },
    "rouge": {
        "rouge1": 0.32370370370370366,
        "rouge2": 0.046675774134790536,
        "rougeL": 0.17182539682539685,
        "rougeLsum": 0.17182539682539685
    },
    "google_bleu": {
        "google_bleu": 0.07936507936507936
    }
}