{
    "bertscore": {
        "f1": 0.8606082682692727,
        "precision": 0.8568798111275185,
        "recall": 0.8645778044827225
    },
    "bleu": {
        "bleu": 0.04753768504018388,
        "precisions": [
            0.22512746152766733,
            0.05902794420744859,
            0.026834422765026785,
            0.014321012556099038
        ],
        "brevity_penalty": 1.0,
        "length_ratio": 1.6110776186887716,
        "translation_length": 42758,
        "reference_length": 26540
    },
    "meteor": {
        "meteor": 0.2513239255150589
    },
    "rouge": {
        "rouge1": 0.25856574976545543,
        "rouge2": 0.07748860661616488,
        "rougeL": 0.2036154046331657,
        "rougeLsum": 0.20375841518489124
    },
    "google_bleu": {
        "google_bleu": 0.08054859044360603
    },
    "gpt_score (%)": 52.16693418940609
}