{"bertscore": {"f1": 0.8580321276060956, "precision": 0.8534574932765868, "recall": 0.8628651972892555}, "bleu": {"bleu": 0.042263723173698614, "precisions": [0.21739422130780928, 0.05425451548657372, 0.023212192262602578, 0.011653891438594806], "brevity_penalty": 1.0, "length_ratio": 1.68276069694803, "translation_length": 44716, "reference_length": 26573}, "meteor": {"meteor": 0.24630698152311647}, "rouge": {"rouge1": 0.25082330411887144, "rouge2": 0.07122501914851552, "rougeL": 0.1963709759462034, "rougeLsum": 0.1966358463254735}, "google_bleu": {"google_bleu": 0.07647211355257669}, "gpt_score (%)": 50.683624801271854}