{
    "bertscore": {
        "f1": 0.85631768013079,
        "precision": 0.8515853572179444,
        "recall": 0.8613209610631738
    },
    "bleu": {
        "bleu": 0.04245491790465718,
        "precisions": [
            0.20792403942340806,
            0.05215712607016955,
            0.023744433555131447,
            0.012616295460952918
        ],
        "brevity_penalty": 1.0,
        "length_ratio": 1.7443004662604766,
        "translation_length": 60979,
        "reference_length": 34959
    },
    "meteor": {
        "meteor": 0.24467395965249464
    },
    "rouge": {
        "rouge1": 0.24498209573064683,
        "rouge2": 0.06946488015161939,
        "rougeL": 0.19435272571606313,
        "rougeLsum": 0.19428045590021684
    },
    "google_bleu": {
        "google_bleu": 0.07416085395084972
    },
    "gpt_score (%)": 51.52858809801634
}