{
    "bertscore": {
        "f1": 0.8677545874185738,
        "precision": 0.860575230285482,
        "recall": 0.8752836717179069
    },
    "bleu": {
        "bleu": 0.07697039153956878,
        "precisions": [
            0.24783984943108905,
            0.08468385713973274,
            0.050212575520250616,
            0.03330508280459033
        ],
        "brevity_penalty": 1.0,
        "length_ratio": 1.759530350355624,
        "translation_length": 46756,
        "reference_length": 26573
    },
    "meteor": {
        "meteor": 0.3020023650783407
    },
    "rouge": {
        "rouge1": 0.29470166956978194,
        "rouge2": 0.10857204848727764,
        "rougeL": 0.23837104864223324,
        "rougeLsum": 0.23797988951562976
    },
    "google_bleu": {
        "google_bleu": 0.10374855137605736
    },
    "gpt_score (%)": 52.478873239436616
}