{
    "bertscore": {
        "f1": 0.8599975109100342,
        "precision": 0.8584932684898376,
        "recall": 0.8615991473197937
    },
    "bleu": {
        "bleu": 0.0,
        "precisions": [
            0.26495726495726496,
            0.043859649122807015,
            0.009009009009009009,
            0.0
        ],
        "brevity_penalty": 1.0,
        "length_ratio": 1.4268292682926829,
        "translation_length": 117,
        "reference_length": 82
    },
    "meteor": {
        "meteor": 0.2333012761881499
    },
    "rouge": {
        "rouge1": 0.3113863537592351,
        "rouge2": 0.055848433343896144,
        "rougeL": 0.1848906272635086,
        "rougeLsum": 0.1848906272635086
    },
    "google_bleu": {
        "google_bleu": 0.08078602620087336
    }
}