{
    "bertscore": {
        "f1": 0.8517392340325733,
        "precision": 0.8428933889498686,
        "recall": 0.8610210872610212
    },
    "bleu": {
        "bleu": 0.029782398532552563,
        "precisions": [
            0.16878687199181394,
            0.03684887459807074,
            0.015771341742969045,
            0.008020605348849623
        ],
        "brevity_penalty": 1.0,
        "length_ratio": 2.2643382247775965,
        "translation_length": 79159,
        "reference_length": 34959
    },
    "meteor": {
        "meteor": 0.23714953615011447
    },
    "rouge": {
        "rouge1": 0.21507876824302352,
        "rouge2": 0.0541356814408116,
        "rougeL": 0.16678728864871648,
        "rougeLsum": 0.16666466947102915
    },
    "google_bleu": {
        "google_bleu": 0.05795997351282892
    },
    "gpt_score (%)": 43.33333333333333
}