{
    "bertscore": {
        "f1": 0.8588554104438479,
        "precision": 0.8533201683294623,
        "recall": 0.8646888486528904
    },
    "bleu": {
        "bleu": 0.041733227803841214,
        "precisions": [
            0.21210743801652893,
            0.05161821521312306,
            0.02307161048042474,
            0.01200856493234145
        ],
        "brevity_penalty": 1.0,
        "length_ratio": 1.8213976592782146,
        "translation_length": 48400,
        "reference_length": 26573
    },
    "meteor": {
        "meteor": 0.2531260117738404
    },
    "rouge": {
        "rouge1": 0.25264207389519666,
        "rouge2": 0.06878880263307163,
        "rougeL": 0.19239006016984833,
        "rougeLsum": 0.1924443062398613
    },
    "google_bleu": {
        "google_bleu": 0.0749123999790806
    },
    "gpt_score (%)": 48.507223113964685
}