{
    "bertscore": {
        "f1": 0.8556916970492594,
        "precision": 0.8497187693631759,
        "recall": 0.8619769878891701
    },
    "bleu": {
        "bleu": 0.04177000442404306,
        "precisions": [
            0.20452810989570083,
            0.05132792297558834,
            0.023336329438396752,
            0.012425642161959467
        ],
        "brevity_penalty": 1.0,
        "length_ratio": 1.7991361308961926,
        "translation_length": 62896,
        "reference_length": 34959
    },
    "meteor": {
        "meteor": 0.24574582408105305
    },
    "rouge": {
        "rouge1": 0.24190699647393327,
        "rouge2": 0.06879486742080182,
        "rougeL": 0.19046113723260602,
        "rougeLsum": 0.19038985691852067
    },
    "google_bleu": {
        "google_bleu": 0.0729371770246486
    },
    "gpt_score (%)": 50.62052505966587
}