{"bertscore": {"f1": 0.8483027815818787, "precision": 0.842688798904419, "recall": 0.8539921641349792}, "bleu": {"bleu": 0.0, "precisions": [0.175, 0.02564102564102564, 0.0, 0.0], "brevity_penalty": 1.0, "length_ratio": 2.0, "translation_length": 40, "reference_length": 20}, "meteor": {"meteor": 0.21739130434782608}, "rouge": {"rouge1": 0.29629629629629634, "rouge2": 0.038461538461538464, "rougeL": 0.14814814814814817, "rougeLsum": 0.14814814814814817}, "google_bleu": {"google_bleu": 0.05194805194805195}, "gpt_score (%)": 500.0}